Season,Gamecode,TYPE,NUMBEROFPLAY,CODETEAM,PLAYER_ID,PLAYTYPE,PLAYER,TEAM,DORSAL,MINUTE,MARKERTIME,POINTS_A,POINTS_B,COMMENT,PLAYINFO,PERIOD,TRUE_NUMBEROFPLAY
2025,405,0,2,,,BP,,,,1,,,,,Begin Period,1,0
2025,405,0,3,PAM,,JB,,Valencia Basket,,1,09:57,,,,Jump Ball (1),1,1
2025,405,0,4,PAM,P007527,2FGA,"BADIO, BRANCOU",Valencia Basket,0,1,09:40,,,,Missed Two Pointer (0/1 -  0 pt),1,2
2025,405,0,5,MAD,P014006,D,"OKEKE, CHUMA",Real Madrid,8,1,09:38,,,,Def Rebound (1),1,3
2025,405,0,6,MAD,P003108,RV,"HEZONJA, MARIO",Real Madrid,11,1,09:27,,,,Foul Drawn (1),1,4
2025,405,0,7,PAM,P007527,CM,"BADIO, BRANCOU",Valencia Basket,0,1,09:27,,,,Foul (1),1,5
2025,405,0,8,MAD,P003108,FTA,"HEZONJA, MARIO",Real Madrid,11,1,09:27,,,,Missed Free Throw (0/1 -  0 pt),1,6
2025,405,0,9,MAD,P003108,FTA,"HEZONJA, MARIO",Real Madrid,11,1,09:27,,,,Missed Free Throw (0/2 -  0 pt),1,7
2025,405,0,10,PAM,P010393,D,"PRADILLA, JAIME",Valencia Basket,4,1,09:27,,,,Def Rebound (1),1,8
2025,405,0,11,PAM,P010042,2FGA,"MONTERO, JEAN",Valencia Basket,8,1,09:18,,,,Missed Two Pointer (0/1 -  0 pt),1,9
2025,405,0,12,PAM,P011217,O,"TAYLOR, KAMERON",Valencia Basket,1,1,09:17,,,,Off Rebound (1),1,10
2025,405,0,13,PAM,P010393,3FGA,"PRADILLA, JAIME",Valencia Basket,4,1,09:13,,,,Missed Three Pointer (0/1 -  0 pt),1,11
2025,405,0,14,MAD,P007630,D,"GARUBA, USMAN",Real Madrid,16,1,09:11,,,,Def Rebound (1),1,12
2025,405,0,15,MAD,P005928,3FGA,"CAMPAZZO, FACUNDO",Real Madrid,7,1,09:02,,,,Missed Three Pointer (0/1 -  0 pt),1,13
2025,405,0,17,PAM,P010393,D,"PRADILLA, JAIME",Valencia Basket,4,2,08:59,,,,Def Rebound (2),1,14
2025,405,0,18,PAM,P010393,2FGM,"PRADILLA, JAIME",Valencia Basket,4,2,08:50,2.0,,,Two Pointer (1/1 -  2 pt),1,15
2025,405,0,19,MAD,P003733,3FGM,"ABALDE, ALBERTO",Real Madrid,6,2,08:35,2.0,3.0,,Three Pointer (1/1 -  3 pt),1,16
2025,405,0,20,MAD,P003108,AS,"HEZONJA, MARIO",Real Madrid,11,2,08:33,,,,Assist (1),1,17
2025,405,0,21,PAM,P007527,3FGA,"BADIO, BRANCOU",Valencia Basket,0,2,08:26,,,,Missed Three Pointer (0/1 -  0 pt),1,18
2025,405,0,22,MAD,P007630,D,"GARUBA, USMAN",Real Madrid,16,2,08:24,,,,Def Rebound (2),1,19
2025,405,0,23,MAD,P003108,3FGM,"HEZONJA, MARIO",Real Madrid,11,2,08:12,2.0,6.0,,Three Pointer (1/1 -  3 pt),1,20
2025,405,0,24,MAD,P005928,AS,"CAMPAZZO, FACUNDO",Real Madrid,7,2,08:11,,,,Assist (1),1,21
2025,405,0,26,PAM,P010393,2FGA,"PRADILLA, JAIME",Valencia Basket,4,3,07:53,,,,Missed Two Pointer (1/2 -  2 pt),1,22
2025,405,0,27,PAM,P010393,O,"PRADILLA, JAIME",Valencia Basket,4,3,07:51,,,,Off Rebound (1),1,23
2025,405,0,28,PAM,P011217,3FGA,"TAYLOR, KAMERON",Valencia Basket,1,3,07:48,,,,Missed Three Pointer (0/1 -  0 pt),1,24
2025,405,0,29,MAD,P003108,D,"HEZONJA, MARIO",Real Madrid,11,3,07:46,,,,Def Rebound (1),1,25
2025,405,0,30,PAM,P007527,CM,"BADIO, BRANCOU",Valencia Basket,0,3,07:36,,,,Foul (2),1,26
2025,405,0,31,MAD,P003108,RV,"HEZONJA, MARIO",Real Madrid,11,3,07:36,,,,Foul Drawn (2),1,27
2025,405,0,32,PAM,P007527,OUT,"BADIO, BRANCOU",Valencia Basket,0,3,07:36,,,,Out,1,28
2025,405,0,33,PAM,P011078,IN,"THOMPSON, DARIUS",Valencia Basket,13,3,07:36,,,,In,1,29
2025,405,0,34,MAD,P003108,2FGM,"HEZONJA, MARIO",Real Madrid,11,3,07:23,2.0,8.0,,Two Pointer (1/1 -  5 pt),1,30
2025,405,0,35,PAM,P011217,2FGM,"TAYLOR, KAMERON",Valencia Basket,1,3,07:00,4.0,8.0,,Two Pointer (1/1 -  2 pt),1,31
2025,405,0,37,MAD,P003733,2FGM,"ABALDE, ALBERTO",Real Madrid,6,4,06:37,4.0,10.0,,Two Pointer (1/1 -  5 pt),1,32
2025,405,0,38,PAM,P011217,2FGM,"TAYLOR, KAMERON",Valencia Basket,1,4,06:24,6.0,10.0,,Two Pointer (2/2 -  4 pt),1,33
2025,405,0,39,MAD,P003108,3FGM,"HEZONJA, MARIO",Real Madrid,11,4,06:05,6.0,13.0,,Three Pointer (2/2 -  8 pt),1,34
2025,405,0,40,MAD,P005928,AS,"CAMPAZZO, FACUNDO",Real Madrid,7,4,06:03,,,,Assist (2),1,35
2025,405,0,42,PAM,P010042,3FGA,"MONTERO, JEAN",Valencia Basket,8,5,05:53,,,,Missed Three Pointer (0/1 -  0 pt),1,36
2025,405,0,43,PAM,P010042,AG,"MONTERO, JEAN",Valencia Basket,8,5,05:53,,,,Shot Rejected (1),1,37
2025,405,0,44,MAD,P014006,FV,"OKEKE, CHUMA",Real Madrid,8,5,05:51,,,,Block (1),1,38
2025,405,0,45,MAD,P003108,D,"HEZONJA, MARIO",Real Madrid,11,5,05:50,,,,Def Rebound (2),1,39
2025,405,0,46,MAD,P005928,3FGA,"CAMPAZZO, FACUNDO",Real Madrid,7,5,05:47,,,,Missed Three Pointer (0/2 -  0 pt),1,40
2025,405,0,47,PAM,P011078,D,"THOMPSON, DARIUS",Valencia Basket,13,5,05:45,,,,Def Rebound (1),1,41
2025,405,0,48,PAM,P012738,2FGM,"REUVERS, NATHAN",Valencia Basket,3,5,05:31,8.0,13.0,,Two Pointer (1/1 -  2 pt),1,42
2025,405,0,49,PAM,P011078,AS,"THOMPSON, DARIUS",Valencia Basket,13,5,05:29,,,,Assist (1),1,43
2025,405,0,50,MAD,P003108,2FGA,"HEZONJA, MARIO",Real Madrid,11,5,05:08,,,,Missed Two Pointer (1/2 -  8 pt),1,44
2025,405,0,51,PAM,P011217,D,"TAYLOR, KAMERON",Valencia Basket,1,5,05:05,,,,Def Rebound (1),1,45
2025,405,0,53,MAD,P003733,CM,"ABALDE, ALBERTO",Real Madrid,6,6,04:58,,,,Foul (1),1,46
2025,405,0,54,PAM,P011217,RV,"TAYLOR, KAMERON",Valencia Basket,1,6,04:58,,,,Foul Drawn (1),1,47
2025,405,0,55,,,TOUT_TV,,,,6,04:58,,,,TV Time Out (1),1,48
2025,405,0,56,PAM,P012738,OUT,"REUVERS, NATHAN",Valencia Basket,3,6,04:58,,,,Out,1,49
2025,405,0,57,PAM,P010393,OUT,"PRADILLA, JAIME",Valencia Basket,4,6,04:58,,,,Out,1,50
2025,405,0,58,PAM,P010750,IN,"DE LARREA, SERGIO",Valencia Basket,5,6,04:58,,,,In,1,51
2025,405,0,59,PAM,P014168,IN,"KEY, BRAXTON",Valencia Basket,7,6,04:58,,,,In,1,52
2025,405,0,60,PAM,P010042,OUT,"MONTERO, JEAN",Valencia Basket,8,6,04:58,,,,Out,1,53
2025,405,0,61,PAM,P010545,IN,"SAKO, NEAL",Valencia Basket,12,6,04:58,,,,In,1,54
2025,405,0,62,MAD,P014117,IN,"LYLES, TREY",Real Madrid,0,6,04:58,,,,In,1,55
2025,405,0,63,MAD,P014006,OUT,"OKEKE, CHUMA",Real Madrid,8,6,04:58,,,,Out,1,56
2025,405,0,64,MAD,P009005,IN,"DECK, GABRIEL",Real Madrid,14,6,04:58,,,,In,1,57
2025,405,0,65,MAD,P007630,OUT,"GARUBA, USMAN",Real Madrid,16,6,04:58,,,,Out,1,58
2025,405,0,66,PAM,P010545,2FGM,"SAKO, NEAL",Valencia Basket,12,6,04:48,10.0,13.0,,Two Pointer (1/1 -  2 pt),1,59
2025,405,0,67,PAM,P010750,AS,"DE LARREA, SERGIO",Valencia Basket,5,6,04:46,,,,Assist (1),1,60
2025,405,0,68,PAM,P011078,CM,"THOMPSON, DARIUS",Valencia Basket,13,6,04:36,,,,Foul (1),1,61
2025,405,0,69,MAD,P005928,RV,"CAMPAZZO, FACUNDO",Real Madrid,7,6,04:36,,,,Foul Drawn (1),1,62
2025,405,0,70,MAD,P005928,TO,"CAMPAZZO, FACUNDO",Real Madrid,7,6,04:29,,,,Turnover (1),1,63
2025,405,0,71,PAM,P014168,3FGM,"KEY, BRAXTON",Valencia Basket,7,6,04:19,13.0,13.0,,Three Pointer (1/1 -  3 pt),1,64
2025,405,0,72,PAM,P011217,AS,"TAYLOR, KAMERON",Valencia Basket,1,6,04:17,,,,Assist (1),1,65
2025,405,0,74,MAD,P014117,2FGA,"LYLES, TREY",Real Madrid,0,7,03:57,,,,Missed Two Pointer (0/1 -  0 pt),1,66
2025,405,0,75,MAD,P003733,O,"ABALDE, ALBERTO",Real Madrid,6,7,03:55,,,,Off Rebound (1),1,67
2025,405,0,76,MAD,P003733,2FGA,"ABALDE, ALBERTO",Real Madrid,6,7,03:55,,,,Missed Two Pointer (1/2 -  5 pt),1,68
2025,405,0,77,PAM,P010545,D,"SAKO, NEAL",Valencia Basket,12,7,03:52,,,,Def Rebound (1),1,69
2025,405,0,78,PAM,P011217,2FGM,"TAYLOR, KAMERON",Valencia Basket,1,7,03:45,15.0,13.0,,Two Pointer (3/3 -  6 pt),1,70
2025,405,0,79,MAD,P009005,2FGM,"DECK, GABRIEL",Real Madrid,14,7,03:34,15.0,15.0,,Two Pointer (1/1 -  2 pt),1,71
2025,405,0,80,MAD,P003108,CM,"HEZONJA, MARIO",Real Madrid,11,7,03:22,,,,Foul (1),1,72
2025,405,0,81,PAM,P011217,RV,"TAYLOR, KAMERON",Valencia Basket,1,7,03:22,,,,Foul Drawn (2),1,73
2025,405,0,82,MAD,P003733,OUT,"ABALDE, ALBERTO",Real Madrid,6,7,03:22,,,,Out,1,74
2025,405,0,83,MAD,P005928,OUT,"CAMPAZZO, FACUNDO",Real Madrid,7,7,03:22,,,,Out,1,75
2025,405,0,84,MAD,P007027,IN,"MALEDON, THEO",Real Madrid,12,7,03:22,,,,In,1,76
2025,405,0,85,MAD,P011247,IN,"FELIZ, ANDRES",Real Madrid,24,7,03:22,,,,In,1,77
2025,405,0,86,PAM,P011217,2FGM,"TAYLOR, KAMERON",Valencia Basket,1,7,03:14,17.0,15.0,,Two Pointer (4/4 -  8 pt),1,78
2025,405,0,88,MAD,P007027,2FGA,"MALEDON, THEO",Real Madrid,12,8,02:59,,,,Missed Two Pointer (0/1 -  0 pt),1,79
2025,405,0,89,MAD,,O,,Real Madrid,,8,02:59,,,,Off Rebound (1),1,80
2025,405,0,90,MAD,P003108,OUT,"HEZONJA, MARIO",Real Madrid,11,8,02:59,,,,Out,1,81
2025,405,0,91,MAD,P007630,IN,"GARUBA, USMAN",Real Madrid,16,8,02:59,,,,In,1,82
2025,405,0,92,MAD,P014117,2FGA,"LYLES, TREY",Real Madrid,0,8,02:55,,,,Missed Two Pointer (0/2 -  0 pt),1,83
2025,405,0,93,MAD,P009005,O,"DECK, GABRIEL",Real Madrid,14,8,02:53,,,,Off Rebound (1),1,84
2025,405,0,94,MAD,P009005,2FGM,"DECK, GABRIEL",Real Madrid,14,8,02:52,17.0,17.0,,Two Pointer (2/2 -  4 pt),1,85
2025,405,0,95,PAM,P010545,2FGM,"SAKO, NEAL",Valencia Basket,12,8,02:39,19.0,17.0,,Two Pointer (2/2 -  4 pt),1,86
2025,405,0,96,PAM,P010750,AS,"DE LARREA, SERGIO",Valencia Basket,5,8,02:37,,,,Assist (2),1,87
2025,405,0,97,PAM,P011217,CM,"TAYLOR, KAMERON",Valencia Basket,1,8,02:19,,,,Foul (1),1,88
2025,405,0,98,MAD,P009005,RV,"DECK, GABRIEL",Real Madrid,14,8,02:19,,,,Foul Drawn (1),1,89
2025,405,0,99,PAM,P014115,IN,"MOORE, OMARI",Valencia Basket,10,8,02:19,,,,In,1,90
2025,405,0,100,PAM,P010545,OUT,"SAKO, NEAL",Valencia Basket,12,8,02:19,,,,Out,1,91
2025,405,0,101,PAM,P011078,OUT,"THOMPSON, DARIUS",Valencia Basket,13,8,02:19,,,,Out,1,92
2025,405,0,102,PAM,P010444,IN,"COSTELLO, MATTHEW",Valencia Basket,24,8,02:19,,,,In,1,93
2025,405,0,103,MAD,P009005,FTM,"DECK, GABRIEL",Real Madrid,14,8,02:19,19.0,18.0,,Free Throw In (1/1 -  5 pt),1,94
2025,405,0,104,MAD,P014117,AS,"LYLES, TREY",Real Madrid,0,8,02:19,,,,Assist (1),1,95
2025,405,0,105,MAD,P009005,FTM,"DECK, GABRIEL",Real Madrid,14,8,02:19,19.0,19.0,,Free Throw In (2/2 -  6 pt),1,96
2025,405,0,106,PAM,P010750,3FGM,"DE LARREA, SERGIO",Valencia Basket,5,8,02:10,22.0,19.0,,Three Pointer (1/1 -  3 pt),1,97
2025,405,0,108,MAD,P007027,2FGM,"MALEDON, THEO",Real Madrid,12,9,01:56,22.0,21.0,,Two Pointer (1/2 -  2 pt),1,98
2025,405,0,109,PAM,P014168,2FGM,"KEY, BRAXTON",Valencia Basket,7,9,01:39,24.0,21.0,,Two Pointer (1/1 -  5 pt),1,99
2025,405,0,110,PAM,P014115,AS,"MOORE, OMARI",Valencia Basket,10,9,01:37,,,,Assist (1),1,100
2025,405,0,111,MAD,P014117,3FGA,"LYLES, TREY",Real Madrid,0,9,01:17,,,,Missed Three Pointer (0/1 -  0 pt),1,101
2025,405,0,112,PAM,P014168,D,"KEY, BRAXTON",Valencia Basket,7,9,01:15,,,,Def Rebound (1),1,102
2025,405,0,113,PAM,P010750,2FGA,"DE LARREA, SERGIO",Valencia Basket,5,9,01:08,,,,Missed Two Pointer (0/1 -  3 pt),1,103
2025,405,0,114,MAD,P011247,D,"FELIZ, ANDRES",Real Madrid,24,9,01:06,,,,Def Rebound (1),1,104
2025,405,0,115,MAD,P007027,RV,"MALEDON, THEO",Real Madrid,12,9,01:02,,,,Foul Drawn (1),1,105
2025,405,0,116,PAM,P014115,CM,"MOORE, OMARI",Valencia Basket,10,9,01:02,,,,Foul (1),1,106
2025,405,0,117,PAM,P010750,OUT,"DE LARREA, SERGIO",Valencia Basket,5,9,01:02,,,,Out,1,107
2025,405,0,118,PAM,P010042,IN,"MONTERO, JEAN",Valencia Basket,8,9,01:02,,,,In,1,108
2025,405,0,119,MAD,P007027,FTM,"MALEDON, THEO",Real Madrid,12,9,01:02,24.0,22.0,,Free Throw In (1/1 -  3 pt),1,109
2025,405,0,120,MAD,P011247,AS,"FELIZ, ANDRES",Real Madrid,24,9,01:02,,,,Assist (1),1,110
2025,405,0,121,MAD,P007027,FTM,"MALEDON, THEO",Real Madrid,12,9,01:02,24.0,23.0,,Free Throw In (2/2 -  4 pt),1,111
2025,405,0,123,MAD,P009005,CM,"DECK, GABRIEL",Real Madrid,14,10,00:46,,,,Foul (1),1,112
2025,405,0,124,PAM,P011217,RV,"TAYLOR, KAMERON",Valencia Basket,1,10,00:46,,,,Foul Drawn (3),1,113
2025,405,0,125,PAM,P014168,2FGM,"KEY, BRAXTON",Valencia Basket,7,10,00:39,26.0,23.0,,Two Pointer (2/2 -  7 pt),1,114
2025,405,0,126,PAM,P014115,AS,"MOORE, OMARI",Valencia Basket,10,10,00:37,,,,Assist (2),1,115
2025,405,0,127,MAD,P014117,3FGM,"LYLES, TREY",Real Madrid,0,10,00:16,26.0,26.0,,Three Pointer (1/2 -  3 pt),1,116
2025,405,0,128,MAD,P009005,AS,"DECK, GABRIEL",Real Madrid,14,10,00:15,,,,Assist (1),1,117
2025,405,0,129,PAM,P014168,2FGM,"KEY, BRAXTON",Valencia Basket,7,10,00:02,28.0,26.0,,Two Pointer (3/3 -  9 pt),1,118
2025,405,0,130,PAM,P010042,AS,"MONTERO, JEAN",Valencia Basket,8,10,00:00,,,,Assist (1),1,119
2025,405,0,132,,,EP,,,,11,,,,,End Period,1,120
2025,405,0,135,,,BP,,,,11,,,,,Begin Period,2,121
2025,405,0,133,PAM,P010393,IN,"PRADILLA, JAIME",Valencia Basket,4,11,10:00,,,,In,2,122
2025,405,0,134,PAM,P014168,OUT,"KEY, BRAXTON",Valencia Basket,7,11,10:00,,,,Out,2,123
2025,405,0,136,MAD,P007630,2FGA,"GARUBA, USMAN",Real Madrid,16,11,09:45,,,,Missed Two Pointer (0/1 -  0 pt),2,124
2025,405,0,137,PAM,P010444,D,"COSTELLO, MATTHEW",Valencia Basket,24,11,09:43,,,,Def Rebound (1),2,125
2025,405,0,138,PAM,P011217,2FGA,"TAYLOR, KAMERON",Valencia Basket,1,11,09:27,,,,Missed Two Pointer (4/5 -  8 pt),2,126
2025,405,0,139,MAD,P009005,D,"DECK, GABRIEL",Real Madrid,14,11,09:25,,,,Def Rebound (1),2,127
2025,405,0,140,MAD,P014117,3FGM,"LYLES, TREY",Real Madrid,0,11,09:20,28.0,29.0,,Three Pointer (2/3 -  6 pt),2,128
2025,405,0,141,MAD,P009005,AS,"DECK, GABRIEL",Real Madrid,14,11,09:18,,,,Assist (2),2,129
2025,405,0,142,PAM,P010393,3FGA,"PRADILLA, JAIME",Valencia Basket,4,11,09:03,,,,Missed Three Pointer (0/2 -  2 pt),2,130
2025,405,0,143,PAM,P014115,O,"MOORE, OMARI",Valencia Basket,10,11,09:02,,,,Off Rebound (1),2,131
2025,405,0,145,PAM,P010042,3FGA,"MONTERO, JEAN",Valencia Basket,8,12,08:57,,,,Missed Three Pointer (0/2 -  0 pt),2,132
2025,405,0,146,MAD,P014117,D,"LYLES, TREY",Real Madrid,0,12,08:55,,,,Def Rebound (1),2,133
2025,405,0,147,MAD,P011247,2FGA,"FELIZ, ANDRES",Real Madrid,24,12,08:50,,,,Missed Two Pointer (0/1 -  0 pt),2,134
2025,405,0,148,MAD,,O,,Real Madrid,,12,08:51,,,,Off Rebound (2),2,135
2025,405,0,149,PAM,P010545,IN,"SAKO, NEAL",Valencia Basket,12,12,08:51,,,,In,2,136
2025,405,0,150,PAM,P010444,OUT,"COSTELLO, MATTHEW",Valencia Basket,24,12,08:51,,,,Out,2,137
2025,405,0,151,MAD,P014117,2FGM,"LYLES, TREY",Real Madrid,0,12,08:42,28.0,31.0,,Two Pointer (1/3 -  8 pt),2,138
2025,405,0,152,PAM,P010393,3FGM,"PRADILLA, JAIME",Valencia Basket,4,12,08:30,31.0,31.0,,Three Pointer (1/3 -  5 pt),2,139
2025,405,0,153,PAM,P010042,AS,"MONTERO, JEAN",Valencia Basket,8,12,08:28,,,,Assist (2),2,140
2025,405,0,154,PAM,P010042,CM,"MONTERO, JEAN",Valencia Basket,8,12,08:26,,,,Foul (1),2,141
2025,405,0,155,MAD,P011247,RV,"FELIZ, ANDRES",Real Madrid,24,12,08:26,,,,Foul Drawn (1),2,142
2025,405,0,156,MAD,P007027,2FGA,"MALEDON, THEO",Real Madrid,12,12,08:18,,,,Missed Two Pointer (1/3 -  4 pt),2,143
2025,405,0,157,MAD,P007027,O,"MALEDON, THEO",Real Madrid,12,12,08:17,,,,Off Rebound (1),2,144
2025,405,0,158,MAD,P009005,2FGM,"DECK, GABRIEL",Real Madrid,14,12,08:13,31.0,33.0,,Two Pointer (3/3 -  8 pt),2,145
2025,405,0,159,MAD,P007027,AS,"MALEDON, THEO",Real Madrid,12,12,08:11,,,,Assist (1),2,146
2025,405,0,160,PAM,P014115,2FGA,"MOORE, OMARI",Valencia Basket,10,12,08:00,,,,Missed Two Pointer (0/1 -  0 pt),2,147
2025,405,0,162,PAM,P010545,O,"SAKO, NEAL",Valencia Basket,12,13,07:58,,,,Off Rebound (1),2,148
2025,405,0,163,PAM,P010042,3FGM,"MONTERO, JEAN",Valencia Basket,8,13,07:55,34.0,33.0,,Three Pointer (1/3 -  3 pt),2,149
2025,405,0,164,PAM,P010393,AS,"PRADILLA, JAIME",Valencia Basket,4,13,07:55,,,,Assist (1),2,150
2025,405,0,165,MAD,P007630,CM,"GARUBA, USMAN",Real Madrid,16,13,07:55,,,,Foul (1),2,151
2025,405,0,166,PAM,P010042,RV,"MONTERO, JEAN",Valencia Basket,8,13,07:55,,,,Foul Drawn (1),2,152
2025,405,0,167,PAM,P007527,IN,"BADIO, BRANCOU",Valencia Basket,0,13,07:55,,,,In,2,153
2025,405,0,168,PAM,P014115,OUT,"MOORE, OMARI",Valencia Basket,10,13,07:55,,,,Out,2,154
2025,405,0,169,PAM,P010042,FTM,"MONTERO, JEAN",Valencia Basket,8,13,07:55,35.0,33.0,,Free Throw In (1/1 -  4 pt),2,155
2025,405,0,170,MAD,P011247,3FGM,"FELIZ, ANDRES",Real Madrid,24,13,07:34,35.0,36.0,,Three Pointer (1/1 -  3 pt),2,156
2025,405,0,171,PAM,P010042,2FGA,"MONTERO, JEAN",Valencia Basket,8,13,07:24,,,,Missed Two Pointer (0/2 -  4 pt),2,157
2025,405,0,172,MAD,P007027,D,"MALEDON, THEO",Real Madrid,12,13,07:22,,,,Def Rebound (1),2,158
2025,405,0,173,MAD,P011247,3FGM,"FELIZ, ANDRES",Real Madrid,24,13,07:18,35.0,39.0,,Three Pointer (2/2 -  6 pt),2,159
2025,405,0,174,MAD,P007027,AS,"MALEDON, THEO",Real Madrid,12,13,07:16,,,,Assist (2),2,160
2025,405,0,176,PAM,P010042,3FGA,"MONTERO, JEAN",Valencia Basket,8,14,06:56,,,,Missed Three Pointer (1/4 -  4 pt),2,161
2025,405,0,177,PAM,P010545,O,"SAKO, NEAL",Valencia Basket,12,14,06:56,,,,Off Rebound (2),2,162
2025,405,0,178,MAD,P009005,CM,"DECK, GABRIEL",Real Madrid,14,14,06:56,,,,Foul (2),2,163
2025,405,0,179,PAM,P010545,RV,"SAKO, NEAL",Valencia Basket,12,14,06:56,,,,Foul Drawn (1),2,164
2025,405,0,180,PAM,P011217,OUT,"TAYLOR, KAMERON",Valencia Basket,1,14,06:56,,,,Out,2,165
2025,405,0,181,PAM,P014168,IN,"KEY, BRAXTON",Valencia Basket,7,14,06:56,,,,In,2,166
2025,405,0,182,MAD,P014117,OUT,"LYLES, TREY",Real Madrid,0,14,06:56,,,,Out,2,167
2025,405,0,183,MAD,P014006,IN,"OKEKE, CHUMA",Real Madrid,8,14,06:56,,,,In,2,168
2025,405,0,184,MAD,P003108,IN,"HEZONJA, MARIO",Real Madrid,11,14,06:56,,,,In,2,169
2025,405,0,185,MAD,P009005,OUT,"DECK, GABRIEL",Real Madrid,14,14,06:56,,,,Out,2,170
2025,405,0,186,PAM,P010042,TO,"MONTERO, JEAN",Valencia Basket,8,14,06:55,,,,Turnover (1),2,171
2025,405,0,187,MAD,P003108,3FGA,"HEZONJA, MARIO",Real Madrid,11,14,06:38,,,,Missed Three Pointer (2/3 -  8 pt),2,172
2025,405,0,188,PAM,P010545,D,"SAKO, NEAL",Valencia Basket,12,14,06:36,,,,Def Rebound (2),2,173
2025,405,0,189,PAM,P010393,3FGA,"PRADILLA, JAIME",Valencia Basket,4,14,06:31,,,,Missed Three Pointer (1/4 -  5 pt),2,174
2025,405,0,190,MAD,P007027,D,"MALEDON, THEO",Real Madrid,12,14,06:29,,,,Def Rebound (2),2,175
2025,405,0,191,MAD,P011247,TO,"FELIZ, ANDRES",Real Madrid,24,14,06:22,,,,Turnover (1),2,176
2025,405,0,192,MAD,,CCH,,Real Madrid,,14,06:22,,,,Coach Challenge (1),2,177
2025,405,0,193,PAM,P010393,OUT,"PRADILLA, JAIME",Valencia Basket,4,14,06:22,,,,Out,2,178
2025,405,0,194,PAM,P010750,IN,"DE LARREA, SERGIO",Valencia Basket,5,14,06:22,,,,In,2,179
2025,405,0,195,PAM,P010042,OUT,"MONTERO, JEAN",Valencia Basket,8,14,06:22,,,,Out,2,180
2025,405,0,196,PAM,P010444,IN,"COSTELLO, MATTHEW",Valencia Basket,24,14,06:22,,,,In,2,181
2025,405,0,197,PAM,P007527,2FGA,"BADIO, BRANCOU",Valencia Basket,0,14,06:07,,,,Missed Two Pointer (0/2 -  0 pt),2,182
2025,405,0,198,MAD,P011247,D,"FELIZ, ANDRES",Real Madrid,24,14,06:05,,,,Def Rebound (2),2,183
2025,405,0,200,MAD,P007630,2FGM,"GARUBA, USMAN",Real Madrid,16,15,05:55,35.0,41.0,,Two Pointer (1/2 -  2 pt),2,184
2025,405,0,201,MAD,P011247,AS,"FELIZ, ANDRES",Real Madrid,24,15,05:54,,,,Assist (2),2,185
2025,405,0,202,PAM,P007527,3FGA,"BADIO, BRANCOU",Valencia Basket,0,15,05:44,,,,Missed Three Pointer (0/2 -  0 pt),2,186
2025,405,0,203,MAD,P007630,D,"GARUBA, USMAN",Real Madrid,16,15,05:42,,,,Def Rebound (3),2,187
2025,405,0,204,MAD,P014006,3FGM,"OKEKE, CHUMA",Real Madrid,8,15,05:25,35.0,44.0,,Three Pointer (1/1 -  3 pt),2,188
2025,405,0,205,MAD,P007630,AS,"GARUBA, USMAN",Real Madrid,16,15,05:25,,,,Assist (1),2,189
2025,405,0,206,PAM,,TOUT,,Valencia Basket,,15,05:25,,,,Time Out (1),2,190
2025,405,0,207,,,TOUT_TV,,,,15,05:25,,,,TV Time Out (2),2,191
2025,405,0,208,PAM,P012738,IN,"REUVERS, NATHAN",Valencia Basket,3,15,05:25,,,,In,2,192
2025,405,0,209,PAM,P010545,OUT,"SAKO, NEAL",Valencia Basket,12,15,05:25,,,,Out,2,193
2025,405,0,210,MAD,P005928,IN,"CAMPAZZO, FACUNDO",Real Madrid,7,15,05:25,,,,In,2,194
2025,405,0,211,MAD,P007027,OUT,"MALEDON, THEO",Real Madrid,12,15,05:25,,,,Out,2,195
2025,405,0,212,MAD,PTGB,IN,"LLULL, SERGIO",Real Madrid,23,15,05:25,,,,In,2,196
2025,405,0,213,MAD,P011247,OUT,"FELIZ, ANDRES",Real Madrid,24,15,05:25,,,,Out,2,197
2025,405,0,214,PAM,P010750,TO,"DE LARREA, SERGIO",Valencia Basket,5,15,05:17,,,,Turnover (1),2,198
2025,405,0,216,MAD,P005928,3FGM,"CAMPAZZO, FACUNDO",Real Madrid,7,16,04:57,35.0,47.0,,Three Pointer (1/3 -  3 pt),2,199
2025,405,0,217,PAM,P014168,2FGM,"KEY, BRAXTON",Valencia Basket,7,16,04:43,37.0,47.0,,Two Pointer (4/4 -  11 pt),2,200
2025,405,0,218,PAM,P010750,CM,"DE LARREA, SERGIO",Valencia Basket,5,16,04:36,,,,Foul (1),2,201
2025,405,0,219,MAD,P005928,RV,"CAMPAZZO, FACUNDO",Real Madrid,7,16,04:36,,,,Foul Drawn (2),2,202
2025,405,0,220,PAM,P010750,OUT,"DE LARREA, SERGIO",Valencia Basket,5,16,04:36,,,,Out,2,203
2025,405,0,221,PAM,P010042,IN,"MONTERO, JEAN",Valencia Basket,8,16,04:36,,,,In,2,204
2025,405,0,222,MAD,P014117,IN,"LYLES, TREY",Real Madrid,0,16,04:36,,,,In,2,205
2025,405,0,223,MAD,P007630,OUT,"GARUBA, USMAN",Real Madrid,16,16,04:36,,,,Out,2,206
2025,405,0,224,PAM,P011217,IN,"TAYLOR, KAMERON",Valencia Basket,1,16,04:36,,,,In,2,207
2025,405,0,225,PAM,P010444,OUT,"COSTELLO, MATTHEW",Valencia Basket,24,16,04:36,,,,Out,2,208
2025,405,0,226,MAD,P005928,FTM,"CAMPAZZO, FACUNDO",Real Madrid,7,16,04:36,37.0,48.0,,Free Throw In (1/1 -  4 pt),2,209
2025,405,0,227,MAD,P005928,FTM,"CAMPAZZO, FACUNDO",Real Madrid,7,16,04:36,37.0,49.0,,Free Throw In (2/2 -  5 pt),2,210
2025,405,0,228,MAD,PTGB,CM,"LLULL, SERGIO",Real Madrid,23,16,04:26,,,,Foul (1),2,211
2025,405,0,229,PAM,P007527,RV,"BADIO, BRANCOU",Valencia Basket,0,16,04:26,,,,Foul Drawn (1),2,212
2025,405,0,230,PAM,P007527,2FGM,"BADIO, BRANCOU",Valencia Basket,0,16,04:19,39.0,49.0,,Two Pointer (1/3 -  2 pt),2,213
2025,405,0,232,MAD,P014117,2FGM,"LYLES, TREY",Real Madrid,0,17,03:57,39.0,51.0,,Two Pointer (2/4 -  10 pt),2,214
2025,405,0,233,MAD,P005928,AS,"CAMPAZZO, FACUNDO",Real Madrid,7,17,03:56,,,,Assist (3),2,215
2025,405,0,234,PAM,P012738,2FGM,"REUVERS, NATHAN",Valencia Basket,3,17,03:43,41.0,51.0,,Two Pointer (2/2 -  4 pt),2,216
2025,405,0,235,PAM,P014168,AS,"KEY, BRAXTON",Valencia Basket,7,17,03:41,,,,Assist (1),2,217
2025,405,0,236,MAD,P014006,3FGA,"OKEKE, CHUMA",Real Madrid,8,17,03:25,,,,Missed Three Pointer (1/2 -  3 pt),2,218
2025,405,0,237,PAM,P007527,D,"BADIO, BRANCOU",Valencia Basket,0,17,03:23,,,,Def Rebound (1),2,219
2025,405,0,238,PAM,P012738,RV,"REUVERS, NATHAN",Valencia Basket,3,17,03:20,,,,Foul Drawn (1),2,220
2025,405,0,239,MAD,P014006,CM,"OKEKE, CHUMA",Real Madrid,8,17,03:20,,,,Foul (1),2,221
2025,405,0,240,MAD,,TOUT,,Real Madrid,,17,03:20,,,,Time Out (1),2,222
2025,405,0,241,MAD,P003733,IN,"ABALDE, ALBERTO",Real Madrid,6,17,03:20,,,,In,2,223
2025,405,0,242,MAD,P014006,OUT,"OKEKE, CHUMA",Real Madrid,8,17,03:20,,,,Out,2,224
2025,405,0,243,PAM,P012738,FTM,"REUVERS, NATHAN",Valencia Basket,3,17,03:20,42.0,51.0,,Free Throw In (1/1 -  5 pt),2,225
2025,405,0,244,PAM,P010042,AS,"MONTERO, JEAN",Valencia Basket,8,17,03:20,,,,Assist (3),2,226
2025,405,0,245,PAM,P012738,FTM,"REUVERS, NATHAN",Valencia Basket,3,17,03:20,43.0,51.0,,Free Throw In (2/2 -  6 pt),2,227
2025,405,0,246,MAD,P014117,3FGM,"LYLES, TREY",Real Madrid,0,17,03:09,43.0,54.0,,Three Pointer (3/4 -  13 pt),2,228
2025,405,0,247,MAD,P003733,AS,"ABALDE, ALBERTO",Real Madrid,6,17,03:07,,,,Assist (1),2,229
2025,405,0,249,PAM,P010042,2FGM,"MONTERO, JEAN",Valencia Basket,8,18,02:59,45.0,54.0,,Two Pointer (1/3 -  6 pt),2,230
2025,405,0,250,MAD,P005928,3FGM,"CAMPAZZO, FACUNDO",Real Madrid,7,18,02:44,45.0,57.0,,Three Pointer (2/4 -  8 pt),2,231
2025,405,0,251,PAM,P012738,2FGM,"REUVERS, NATHAN",Valencia Basket,3,18,02:31,47.0,57.0,,Two Pointer (3/3 -  8 pt),2,232
2025,405,0,252,PAM,P010042,AS,"MONTERO, JEAN",Valencia Basket,8,18,02:29,,,,Assist (4),2,233
2025,405,0,253,MAD,P003108,2FGM,"HEZONJA, MARIO",Real Madrid,11,18,02:12,47.0,59.0,,Two Pointer (2/3 -  10 pt),2,234
2025,405,0,255,PAM,P014168,2FGM,"KEY, BRAXTON",Valencia Basket,7,19,01:55,49.0,59.0,,Two Pointer (5/5 -  13 pt),2,235
2025,405,0,256,PAM,P010042,AS,"MONTERO, JEAN",Valencia Basket,8,19,01:53,,,,Assist (5),2,236
2025,405,0,257,MAD,P005928,TO,"CAMPAZZO, FACUNDO",Real Madrid,7,19,01:32,,,,Turnover (2),2,237
2025,405,0,258,PAM,P010042,ST,"MONTERO, JEAN",Valencia Basket,8,19,01:32,,,,Steal (1),2,238
2025,405,0,259,PAM,P010042,RV,"MONTERO, JEAN",Valencia Basket,8,19,01:32,,,,Foul Drawn (2),2,239
2025,405,0,260,MAD,P005928,CM,"CAMPAZZO, FACUNDO",Real Madrid,7,19,01:32,,,,Foul (1),2,240
2025,405,0,261,PAM,P007527,OUT,"BADIO, BRANCOU",Valencia Basket,0,19,01:32,,,,Out,2,241
2025,405,0,262,PAM,P012738,OUT,"REUVERS, NATHAN",Valencia Basket,3,19,01:32,,,,Out,2,242
2025,405,0,263,PAM,P010545,IN,"SAKO, NEAL",Valencia Basket,12,19,01:32,,,,In,2,243
2025,405,0,264,PAM,P011078,IN,"THOMPSON, DARIUS",Valencia Basket,13,19,01:32,,,,In,2,244
2025,405,0,265,PAM,P010042,FTM,"MONTERO, JEAN",Valencia Basket,8,19,01:32,50.0,59.0,,Free Throw In (2/2 -  7 pt),2,245
2025,405,0,266,PAM,P010042,FTM,"MONTERO, JEAN",Valencia Basket,8,19,01:32,51.0,59.0,,Free Throw In (3/3 -  8 pt),2,246
2025,405,0,267,MAD,PTGB,3FGA,"LLULL, SERGIO",Real Madrid,23,19,01:18,,,,Missed Three Pointer (0/1 -  0 pt),2,247
2025,405,0,268,MAD,P014117,O,"LYLES, TREY",Real Madrid,0,19,01:16,,,,Off Rebound (1),2,248
2025,405,0,269,PAM,P010545,CM,"SAKO, NEAL",Valencia Basket,12,19,01:09,,,,Foul (1),2,249
2025,405,0,270,MAD,P005928,RV,"CAMPAZZO, FACUNDO",Real Madrid,7,19,01:09,,,,Foul Drawn (3),2,250
2025,405,0,271,MAD,P014117,3FGA,"LYLES, TREY",Real Madrid,0,19,01:00,,,,Missed Three Pointer (3/5 -  13 pt),2,251
2025,405,0,273,PAM,P014168,D,"KEY, BRAXTON",Valencia Basket,7,20,00:58,,,,Def Rebound (2),2,252
2025,405,0,274,PAM,P010042,3FGA,"MONTERO, JEAN",Valencia Basket,8,20,00:51,,,,Missed Three Pointer (1/5 -  8 pt),2,253
2025,405,0,275,PAM,P011217,O,"TAYLOR, KAMERON",Valencia Basket,1,20,00:50,,,,Off Rebound (2),2,254
2025,405,0,276,PAM,P010545,2FGM,"SAKO, NEAL",Valencia Basket,12,20,00:44,53.0,59.0,,Two Pointer (3/3 -  6 pt),2,255
2025,405,0,277,PAM,P011217,AS,"TAYLOR, KAMERON",Valencia Basket,1,20,00:42,,,,Assist (2),2,256
2025,405,0,278,MAD,P003108,2FGM,"HEZONJA, MARIO",Real Madrid,11,20,00:28,53.0,61.0,,Two Pointer (3/4 -  12 pt),2,257
2025,405,0,279,MAD,P005928,AS,"CAMPAZZO, FACUNDO",Real Madrid,7,20,00:28,,,,Assist (4),2,258
2025,405,0,280,MAD,P003108,RV,"HEZONJA, MARIO",Real Madrid,11,20,00:28,,,,Foul Drawn (3),2,259
2025,405,0,281,PAM,P014168,CM,"KEY, BRAXTON",Valencia Basket,7,20,00:28,,,,Foul (1),2,260
2025,405,0,282,MAD,P014117,OUT,"LYLES, TREY",Real Madrid,0,20,00:28,,,,Out,2,261
2025,405,0,283,MAD,P007630,IN,"GARUBA, USMAN",Real Madrid,16,20,00:28,,,,In,2,262
2025,405,0,284,MAD,PTGB,OUT,"LLULL, SERGIO",Real Madrid,23,20,00:28,,,,Out,2,263
2025,405,0,285,MAD,P011247,IN,"FELIZ, ANDRES",Real Madrid,24,20,00:28,,,,In,2,264
2025,405,0,286,MAD,P003108,FTM,"HEZONJA, MARIO",Real Madrid,11,20,00:28,53.0,62.0,,Free Throw In (1/3 -  13 pt),2,265
2025,405,0,287,MAD,P014006,IN,"OKEKE, CHUMA",Real Madrid,8,20,00:28,,,,In,2,266
2025,405,0,288,MAD,P003108,OUT,"HEZONJA, MARIO",Real Madrid,11,20,00:28,,,,Out,2,267
2025,405,0,289,PAM,P010042,3FGM,"MONTERO, JEAN",Valencia Basket,8,20,00:05,56.0,62.0,,Three Pointer (2/6 -  11 pt),2,268
2025,405,0,290,MAD,,TOUT,,Real Madrid,,20,00:05,,,,Time Out (2),2,269
2025,405,0,291,PAM,P010393,IN,"PRADILLA, JAIME",Valencia Basket,4,20,00:05,,,,In,2,270
2025,405,0,292,PAM,P010545,OUT,"SAKO, NEAL",Valencia Basket,12,20,00:05,,,,Out,2,271
2025,405,0,293,MAD,P014117,IN,"LYLES, TREY",Real Madrid,0,20,00:05,,,,In,2,272
2025,405,0,294,MAD,P003733,OUT,"ABALDE, ALBERTO",Real Madrid,6,20,00:05,,,,Out,2,273
2025,405,0,295,MAD,P014006,OUT,"OKEKE, CHUMA",Real Madrid,8,20,00:05,,,,Out,2,274
2025,405,0,296,MAD,P003108,IN,"HEZONJA, MARIO",Real Madrid,11,20,00:05,,,,In,2,275
2025,405,0,297,MAD,P007630,OUT,"GARUBA, USMAN",Real Madrid,16,20,00:05,,,,Out,2,276
2025,405,0,298,MAD,PTGB,IN,"LLULL, SERGIO",Real Madrid,23,20,00:05,,,,In,2,277
2025,405,0,299,PAM,,TOUT,,Valencia Basket,,20,00:05,,,,Time Out (2),2,278
2025,405,0,300,MAD,P005928,3FGA,"CAMPAZZO, FACUNDO",Real Madrid,7,20,00:00,,,,Missed Three Pointer (2/5 -  8 pt),2,279
2025,405,0,302,,,EP,,,,21,,,,,End Period,2,280
2025,405,0,313,,,BP,,,,21,,,,,Begin Period,3,281
2025,405,0,303,PAM,P007527,IN,"BADIO, BRANCOU",Valencia Basket,0,21,10:00,,,,In,3,282
2025,405,0,304,PAM,P010393,OUT,"PRADILLA, JAIME",Valencia Basket,4,21,10:00,,,,Out,3,283
2025,405,0,305,PAM,P010545,IN,"SAKO, NEAL",Valencia Basket,12,21,10:00,,,,In,3,284
2025,405,0,306,PAM,P011078,OUT,"THOMPSON, DARIUS",Valencia Basket,13,21,10:00,,,,Out,3,285
2025,405,0,307,MAD,P014117,OUT,"LYLES, TREY",Real Madrid,0,21,10:00,,,,Out,3,286
2025,405,0,308,MAD,P003733,IN,"ABALDE, ALBERTO",Real Madrid,6,21,10:00,,,,In,3,287
2025,405,0,309,MAD,P014006,IN,"OKEKE, CHUMA",Real Madrid,8,21,10:00,,,,In,3,288
2025,405,0,310,MAD,P007630,IN,"GARUBA, USMAN",Real Madrid,16,21,10:00,,,,In,3,289
2025,405,0,311,MAD,PTGB,OUT,"LLULL, SERGIO",Real Madrid,23,21,10:00,,,,Out,3,290
2025,405,0,312,MAD,P011247,OUT,"FELIZ, ANDRES",Real Madrid,24,21,10:00,,,,Out,3,291
2025,405,0,314,MAD,P003108,2FGM,"HEZONJA, MARIO",Real Madrid,11,21,09:46,56.0,64.0,,Two Pointer (4/5 -  15 pt),3,292
2025,405,0,315,PAM,P014168,2FGA,"KEY, BRAXTON",Valencia Basket,7,21,09:34,,,,Missed Two Pointer (5/6 -  13 pt),3,293
2025,405,0,316,MAD,P003733,D,"ABALDE, ALBERTO",Real Madrid,6,21,09:33,,,,Def Rebound (1),3,294
2025,405,0,317,MAD,P007630,2FGA,"GARUBA, USMAN",Real Madrid,16,21,09:18,,,,Missed Two Pointer (1/3 -  2 pt),3,295
2025,405,0,318,MAD,P014006,O,"OKEKE, CHUMA",Real Madrid,8,21,09:17,,,,Off Rebound (1),3,296
2025,405,0,319,MAD,P014006,3FGA,"OKEKE, CHUMA",Real Madrid,8,21,09:12,,,,Missed Three Pointer (1/3 -  3 pt),3,297
2025,405,0,320,PAM,P014168,D,"KEY, BRAXTON",Valencia Basket,7,21,09:09,,,,Def Rebound (3),3,298
2025,405,0,321,PAM,P011217,3FGM,"TAYLOR, KAMERON",Valencia Basket,1,21,09:03,59.0,64.0,,Three Pointer (1/2 -  11 pt),3,299
2025,405,0,322,PAM,P010042,AS,"MONTERO, JEAN",Valencia Basket,8,21,09:01,,,,Assist (6),3,300
2025,405,0,324,MAD,P003108,2FGM,"HEZONJA, MARIO",Real Madrid,11,22,08:45,59.0,66.0,,Two Pointer (5/6 -  17 pt),3,301
2025,405,0,325,PAM,P011217,TO,"TAYLOR, KAMERON",Valencia Basket,1,22,08:33,,,,Turnover (1),3,302
2025,405,0,326,MAD,P003108,ST,"HEZONJA, MARIO",Real Madrid,11,22,08:32,,,,Steal (1),3,303
2025,405,0,327,MAD,P003733,3FGA,"ABALDE, ALBERTO",Real Madrid,6,22,08:28,,,,Missed Three Pointer (1/2 -  5 pt),3,304
2025,405,0,328,PAM,P010042,D,"MONTERO, JEAN",Valencia Basket,8,22,08:25,,,,Def Rebound (1),3,305
2025,405,0,329,PAM,P010042,2FGA,"MONTERO, JEAN",Valencia Basket,8,22,08:16,,,,Missed Two Pointer (1/4 -  11 pt),3,306
2025,405,0,330,MAD,P007630,D,"GARUBA, USMAN",Real Madrid,16,22,08:14,,,,Def Rebound (4),3,307
2025,405,0,331,MAD,P003733,3FGA,"ABALDE, ALBERTO",Real Madrid,6,22,08:00,,,,Missed Three Pointer (1/3 -  5 pt),3,308
2025,405,0,333,PAM,P011217,D,"TAYLOR, KAMERON",Valencia Basket,1,23,07:59,,,,Def Rebound (2),3,309
2025,405,0,334,PAM,P011217,TO,"TAYLOR, KAMERON",Valencia Basket,1,23,07:50,,,,Turnover (2),3,310
2025,405,0,335,PAM,P012738,IN,"REUVERS, NATHAN",Valencia Basket,3,23,07:50,,,,In,3,311
2025,405,0,336,PAM,P010545,OUT,"SAKO, NEAL",Valencia Basket,12,23,07:50,,,,Out,3,312
2025,405,0,337,MAD,P003108,2FGA,"HEZONJA, MARIO",Real Madrid,11,23,07:26,,,,Missed Two Pointer (5/7 -  17 pt),3,313
2025,405,0,338,MAD,P014006,O,"OKEKE, CHUMA",Real Madrid,8,23,07:23,,,,Off Rebound (2),3,314
2025,405,0,339,MAD,P014006,2FGM,"OKEKE, CHUMA",Real Madrid,8,23,07:23,59.0,68.0,,Two Pointer (1/1 -  5 pt),3,315
2025,405,0,340,PAM,P007527,3FGA,"BADIO, BRANCOU",Valencia Basket,0,23,07:09,,,,Missed Three Pointer (0/3 -  2 pt),3,316
2025,405,0,341,MAD,P003108,D,"HEZONJA, MARIO",Real Madrid,11,23,07:07,,,,Def Rebound (3),3,317
2025,405,0,342,PAM,P011217,CM,"TAYLOR, KAMERON",Valencia Basket,1,23,07:02,,,,Foul (2),3,318
2025,405,0,343,MAD,P003108,RV,"HEZONJA, MARIO",Real Madrid,11,23,07:02,,,,Foul Drawn (4),3,319
2025,405,0,344,PAM,P010393,IN,"PRADILLA, JAIME",Valencia Basket,4,23,07:02,,,,In,3,320
2025,405,0,345,PAM,P014168,OUT,"KEY, BRAXTON",Valencia Basket,7,23,07:02,,,,Out,3,321
2025,405,0,347,MAD,P014006,3FGA,"OKEKE, CHUMA",Real Madrid,8,24,06:49,,,,Missed Three Pointer (1/4 -  5 pt),3,322
2025,405,0,348,MAD,P003108,O,"HEZONJA, MARIO",Real Madrid,11,24,06:46,,,,Off Rebound (1),3,323
2025,405,0,349,MAD,P005928,TO,"CAMPAZZO, FACUNDO",Real Madrid,7,24,06:39,,,,Turnover (3),3,324
2025,405,0,350,PAM,P010042,ST,"MONTERO, JEAN",Valencia Basket,8,24,06:39,,,,Steal (2),3,325
2025,405,0,351,PAM,P010393,RV,"PRADILLA, JAIME",Valencia Basket,4,24,06:39,,,,Foul Drawn (1),3,326
2025,405,0,352,MAD,P014006,CM,"OKEKE, CHUMA",Real Madrid,8,24,06:39,,,,Foul (2),3,327
2025,405,0,353,PAM,P007527,2FGM,"BADIO, BRANCOU",Valencia Basket,0,24,06:24,61.0,68.0,,Two Pointer (2/4 -  4 pt),3,328
2025,405,0,354,MAD,P003108,RV,"HEZONJA, MARIO",Real Madrid,11,24,06:04,,,,Foul Drawn (5),3,329
2025,405,0,355,PAM,P012738,CM,"REUVERS, NATHAN",Valencia Basket,3,24,06:04,,,,Foul (1),3,330
2025,405,0,356,PAM,P007527,OUT,"BADIO, BRANCOU",Valencia Basket,0,24,06:04,,,,Out,3,331
2025,405,0,357,PAM,P011078,IN,"THOMPSON, DARIUS",Valencia Basket,13,24,06:04,,,,In,3,332
2025,405,0,358,MAD,P003108,FTM,"HEZONJA, MARIO",Real Madrid,11,24,06:04,61.0,69.0,,Free Throw In (2/4 -  18 pt),3,333
2025,405,0,359,MAD,P003733,AS,"ABALDE, ALBERTO",Real Madrid,6,24,06:04,,,,Assist (2),3,334
2025,405,0,360,MAD,P003108,FTM,"HEZONJA, MARIO",Real Madrid,11,24,06:04,61.0,70.0,,Free Throw In (3/5 -  19 pt),3,335
2025,405,0,362,PAM,P011078,3FGM,"THOMPSON, DARIUS",Valencia Basket,13,25,05:51,64.0,70.0,,Three Pointer (1/1 -  3 pt),3,336
2025,405,0,363,PAM,P010042,AS,"MONTERO, JEAN",Valencia Basket,8,25,05:49,,,,Assist (7),3,337
2025,405,0,364,MAD,P005928,2FGA,"CAMPAZZO, FACUNDO",Real Madrid,7,25,05:31,,,,Missed Two Pointer (0/1 -  8 pt),3,338
2025,405,0,365,MAD,P003108,O,"HEZONJA, MARIO",Real Madrid,11,25,05:29,,,,Off Rebound (2),3,339
2025,405,0,366,MAD,P003108,3FGA,"HEZONJA, MARIO",Real Madrid,11,25,05:19,,,,Missed Three Pointer (2/4 -  19 pt),3,340
2025,405,0,367,PAM,P010393,D,"PRADILLA, JAIME",Valencia Basket,4,25,05:15,,,,Def Rebound (3),3,341
2025,405,0,368,MAD,P003733,CM,"ABALDE, ALBERTO",Real Madrid,6,25,05:14,,,,Foul (2),3,342
2025,405,0,369,PAM,P010042,RV,"MONTERO, JEAN",Valencia Basket,8,25,05:14,,,,Foul Drawn (3),3,343
2025,405,0,370,PAM,,CCH,,Valencia Basket,,25,05:14,,,,Coach Challenge (2),3,344
2025,405,0,373,PAM,P010393,2FGM,"PRADILLA, JAIME",Valencia Basket,4,26,04:54,66.0,70.0,,Two Pointer (2/3 -  7 pt),3,345
2025,405,0,374,MAD,P003108,3FGM,"HEZONJA, MARIO",Real Madrid,11,26,04:36,66.0,73.0,,Three Pointer (3/5 -  22 pt),3,346
2025,405,0,375,MAD,P005928,AS,"CAMPAZZO, FACUNDO",Real Madrid,7,26,04:34,,,,Assist (5),3,347
2025,405,0,376,PAM,P010042,2FGM,"MONTERO, JEAN",Valencia Basket,8,26,04:21,68.0,73.0,,Two Pointer (2/5 -  13 pt),3,348
2025,405,0,377,PAM,P011217,CM,"TAYLOR, KAMERON",Valencia Basket,1,26,04:02,,,,Foul (3),3,349
2025,405,0,378,MAD,P003108,RV,"HEZONJA, MARIO",Real Madrid,11,26,04:02,,,,Foul Drawn (6),3,350
2025,405,0,379,,,TOUT_TV,,,,26,04:02,,,,TV Time Out (3),3,351
2025,405,0,380,PAM,P011217,OUT,"TAYLOR, KAMERON",Valencia Basket,1,26,04:02,,,,Out,3,352
2025,405,0,381,PAM,P010750,IN,"DE LARREA, SERGIO",Valencia Basket,5,26,04:02,,,,In,3,353
2025,405,0,382,PAM,P014168,IN,"KEY, BRAXTON",Valencia Basket,7,26,04:02,,,,In,3,354
2025,405,0,383,PAM,P010042,OUT,"MONTERO, JEAN",Valencia Basket,8,26,04:02,,,,Out,3,355
2025,405,0,384,MAD,P014117,IN,"LYLES, TREY",Real Madrid,0,26,04:02,,,,In,3,356
2025,405,0,385,MAD,P014006,OUT,"OKEKE, CHUMA",Real Madrid,8,26,04:02,,,,Out,3,357
2025,405,0,386,MAD,P009005,IN,"DECK, GABRIEL",Real Madrid,14,26,04:02,,,,In,3,358
2025,405,0,387,MAD,P007630,OUT,"GARUBA, USMAN",Real Madrid,16,26,04:02,,,,Out,3,359
2025,405,0,389,MAD,P009005,3FGA,"DECK, GABRIEL",Real Madrid,14,27,03:49,,,,Missed Three Pointer (0/1 -  8 pt),3,360
2025,405,0,390,MAD,P003733,O,"ABALDE, ALBERTO",Real Madrid,6,27,03:47,,,,Off Rebound (2),3,361
2025,405,0,391,MAD,P014117,3FGA,"LYLES, TREY",Real Madrid,0,27,03:42,,,,Missed Three Pointer (3/6 -  13 pt),3,362
2025,405,0,392,MAD,P009005,O,"DECK, GABRIEL",Real Madrid,14,27,03:42,,,,Off Rebound (2),3,363
2025,405,0,393,MAD,P009005,2FGM,"DECK, GABRIEL",Real Madrid,14,27,03:42,68.0,75.0,,Two Pointer (4/4 -  10 pt),3,364
2025,405,0,394,MAD,P009005,RV,"DECK, GABRIEL",Real Madrid,14,27,03:42,,,,Foul Drawn (2),3,365
2025,405,0,395,PAM,P012738,CM,"REUVERS, NATHAN",Valencia Basket,3,27,03:42,,,,Foul (2),3,366
2025,405,0,396,MAD,P003733,OUT,"ABALDE, ALBERTO",Real Madrid,6,27,03:42,,,,Out,3,367
2025,405,0,397,MAD,P005928,OUT,"CAMPAZZO, FACUNDO",Real Madrid,7,27,03:42,,,,Out,3,368
2025,405,0,398,MAD,P007027,IN,"MALEDON, THEO",Real Madrid,12,27,03:42,,,,In,3,369
2025,405,0,399,MAD,P011247,IN,"FELIZ, ANDRES",Real Madrid,24,27,03:42,,,,In,3,370
2025,405,0,400,MAD,P009005,FTA,"DECK, GABRIEL",Real Madrid,14,27,03:42,,,,Missed Free Throw (2/3 -  10 pt),3,371
2025,405,0,401,PAM,P010393,D,"PRADILLA, JAIME",Valencia Basket,4,27,03:42,,,,Def Rebound (4),3,372
2025,405,0,402,PAM,P011078,2FGA,"THOMPSON, DARIUS",Valencia Basket,13,27,03:21,,,,Missed Two Pointer (0/1 -  3 pt),3,373
2025,405,0,403,MAD,P003108,D,"HEZONJA, MARIO",Real Madrid,11,27,03:19,,,,Def Rebound (4),3,374
2025,405,0,404,MAD,P007027,2FGM,"MALEDON, THEO",Real Madrid,12,27,03:09,68.0,77.0,,Two Pointer (2/4 -  6 pt),3,375
2025,405,0,406,PAM,P011078,RV,"THOMPSON, DARIUS",Valencia Basket,13,28,02:59,,,,Foul Drawn (1),3,376
2025,405,0,407,MAD,P007027,CM,"MALEDON, THEO",Real Madrid,12,28,02:59,,,,Foul (1),3,377
2025,405,0,408,PAM,P012738,OUT,"REUVERS, NATHAN",Valencia Basket,3,28,02:59,,,,Out,3,378
2025,405,0,409,PAM,P010545,IN,"SAKO, NEAL",Valencia Basket,12,28,02:59,,,,In,3,379
2025,405,0,410,PAM,P010393,2FGM,"PRADILLA, JAIME",Valencia Basket,4,28,02:42,70.0,77.0,,Two Pointer (3/4 -  9 pt),3,380
2025,405,0,411,MAD,P003108,3FGA,"HEZONJA, MARIO",Real Madrid,11,28,02:22,,,,Missed Three Pointer (3/6 -  22 pt),3,381
2025,405,0,412,PAM,P010393,D,"PRADILLA, JAIME",Valencia Basket,4,28,02:20,,,,Def Rebound (5),3,382
2025,405,0,413,PAM,P011078,3FGA,"THOMPSON, DARIUS",Valencia Basket,13,28,02:15,,,,Missed Three Pointer (1/2 -  3 pt),3,383
2025,405,0,414,MAD,P014117,D,"LYLES, TREY",Real Madrid,0,28,02:12,,,,Def Rebound (2),3,384
2025,405,0,415,MAD,P011247,2FGA,"FELIZ, ANDRES",Real Madrid,24,28,02:06,,,,Missed Two Pointer (0/2 -  6 pt),3,385
2025,405,0,416,MAD,P011247,O,"FELIZ, ANDRES",Real Madrid,24,28,02:04,,,,Off Rebound (1),3,386
2025,405,0,417,MAD,P011247,2FGA,"FELIZ, ANDRES",Real Madrid,24,28,02:02,,,,Missed Two Pointer (0/3 -  6 pt),3,387
2025,405,0,418,MAD,P011247,AG,"FELIZ, ANDRES",Real Madrid,24,28,02:02,,,,Shot Rejected (1),3,388
2025,405,0,419,PAM,P010750,FV,"DE LARREA, SERGIO",Valencia Basket,5,28,02:00,,,,Block (1),3,389
2025,405,0,421,MAD,P011247,O,"FELIZ, ANDRES",Real Madrid,24,29,01:58,,,,Off Rebound (2),3,390
2025,405,0,422,MAD,P007027,3FGM,"MALEDON, THEO",Real Madrid,12,29,01:54,70.0,80.0,,Three Pointer (1/1 -  9 pt),3,391
2025,405,0,423,MAD,P011247,AS,"FELIZ, ANDRES",Real Madrid,24,29,01:53,,,,Assist (3),3,392
2025,405,0,424,PAM,P011078,3FGA,"THOMPSON, DARIUS",Valencia Basket,13,29,01:44,,,,Missed Three Pointer (1/3 -  3 pt),3,393
2025,405,0,425,MAD,P011247,D,"FELIZ, ANDRES",Real Madrid,24,29,01:41,,,,Def Rebound (3),3,394
2025,405,0,435,MAD,P009005,AG,"DECK, GABRIEL",Real Madrid,14,29,01:41,,,,Shot Rejected (1),3,395
2025,405,0,434,MAD,P009005,2FGA,"DECK, GABRIEL",Real Madrid,14,29,01:41,,,,Missed Two Pointer (4/5 -  10 pt),3,396
2025,405,0,436,PAM,P010393,FV,"PRADILLA, JAIME",Valencia Basket,4,29,01:41,,,,Block (1),3,397
2025,405,0,437,MAD,P011247,O,"FELIZ, ANDRES",Real Madrid,24,29,01:41,,,,Off Rebound (3),3,398
2025,405,0,426,PAM,P011078,CM,"THOMPSON, DARIUS",Valencia Basket,13,29,01:39,,,,Foul (2),3,399
2025,405,0,427,MAD,P011247,RV,"FELIZ, ANDRES",Real Madrid,24,29,01:39,,,,Foul Drawn (2),3,400
2025,405,0,428,PAM,P010393,OUT,"PRADILLA, JAIME",Valencia Basket,4,29,01:39,,,,Out,3,401
2025,405,0,429,PAM,P010042,IN,"MONTERO, JEAN",Valencia Basket,8,29,01:39,,,,In,3,402
2025,405,0,430,PAM,P011078,OUT,"THOMPSON, DARIUS",Valencia Basket,13,29,01:39,,,,Out,3,403
2025,405,0,431,PAM,P010444,IN,"COSTELLO, MATTHEW",Valencia Basket,24,29,01:39,,,,In,3,404
2025,405,0,432,MAD,P003108,OUT,"HEZONJA, MARIO",Real Madrid,11,29,01:39,,,,Out,3,405
2025,405,0,433,MAD,P007630,IN,"GARUBA, USMAN",Real Madrid,16,29,01:39,,,,In,3,406
2025,405,0,438,MAD,P011247,FTM,"FELIZ, ANDRES",Real Madrid,24,29,01:39,70.0,81.0,,Free Throw In (1/1 -  7 pt),3,407
2025,405,0,439,MAD,P011247,FTM,"FELIZ, ANDRES",Real Madrid,24,29,01:39,70.0,82.0,,Free Throw In (2/2 -  8 pt),3,408
2025,405,0,440,PAM,P010042,3FGA,"MONTERO, JEAN",Valencia Basket,8,29,01:22,,,,Missed Three Pointer (2/7 -  13 pt),3,409
2025,405,0,441,PAM,P010750,O,"DE LARREA, SERGIO",Valencia Basket,5,29,01:20,,,,Off Rebound (1),3,410
2025,405,0,442,PAM,P010750,3FGA,"DE LARREA, SERGIO",Valencia Basket,5,29,01:15,,,,Missed Three Pointer (1/2 -  3 pt),3,411
2025,405,0,443,MAD,P007630,D,"GARUBA, USMAN",Real Madrid,16,29,01:12,,,,Def Rebound (5),3,412
2025,405,0,444,MAD,P007027,RV,"MALEDON, THEO",Real Madrid,12,29,01:04,,,,Foul Drawn (2),3,413
2025,405,0,445,PAM,P010750,CM,"DE LARREA, SERGIO",Valencia Basket,5,29,01:04,,,,Foul (2),3,414
2025,405,0,446,PAM,P007527,IN,"BADIO, BRANCOU",Valencia Basket,0,29,01:04,,,,In,3,415
2025,405,0,447,PAM,P010750,OUT,"DE LARREA, SERGIO",Valencia Basket,5,29,01:04,,,,Out,3,416
2025,405,0,448,MAD,P007027,FTM,"MALEDON, THEO",Real Madrid,12,29,01:04,70.0,83.0,,Free Throw In (3/3 -  10 pt),3,417
2025,405,0,449,MAD,P007027,FTM,"MALEDON, THEO",Real Madrid,12,29,01:04,70.0,84.0,,Free Throw In (4/4 -  11 pt),3,418
2025,405,0,451,MAD,P007630,CM,"GARUBA, USMAN",Real Madrid,16,30,00:48,,,,Foul (2),3,419
2025,405,0,452,PAM,P010042,RV,"MONTERO, JEAN",Valencia Basket,8,30,00:48,,,,Foul Drawn (4),3,420
2025,405,0,453,PAM,P010444,2FGA,"COSTELLO, MATTHEW",Valencia Basket,24,30,00:39,,,,Missed Two Pointer (0/1 -  0 pt),3,421
2025,405,0,454,MAD,P014117,D,"LYLES, TREY",Real Madrid,0,30,00:37,,,,Def Rebound (3),3,422
2025,405,0,455,MAD,P011247,2FGM,"FELIZ, ANDRES",Real Madrid,24,30,00:31,70.0,86.0,,Two Pointer (1/4 -  10 pt),3,423
2025,405,0,456,PAM,P010444,3FGM,"COSTELLO, MATTHEW",Valencia Basket,24,30,00:11,73.0,86.0,,Three Pointer (1/1 -  3 pt),3,424
2025,405,0,457,PAM,P014168,AS,"KEY, BRAXTON",Valencia Basket,7,30,00:09,,,,Assist (2),3,425
2025,405,0,458,MAD,P007027,3FGA,"MALEDON, THEO",Real Madrid,12,30,00:00,,,,Missed Three Pointer (1/2 -  11 pt),3,426
2025,405,0,460,,,EP,,,,31,,,,,End Period,3,427
2025,405,0,465,,,BP,,,,31,,,,,Begin Period,4,428
2025,405,0,461,PAM,P011217,IN,"TAYLOR, KAMERON",Valencia Basket,1,31,10:00,,,,In,4,429
2025,405,0,462,PAM,P012738,IN,"REUVERS, NATHAN",Valencia Basket,3,31,10:00,,,,In,4,430
2025,405,0,463,PAM,P010545,OUT,"SAKO, NEAL",Valencia Basket,12,31,10:00,,,,Out,4,431
2025,405,0,464,PAM,P010444,OUT,"COSTELLO, MATTHEW",Valencia Basket,24,31,10:00,,,,Out,4,432
2025,405,0,466,MAD,P014117,CM,"LYLES, TREY",Real Madrid,0,31,09:49,,,,Foul (1),4,433
2025,405,0,468,PAM,P012738,RV,"REUVERS, NATHAN",Valencia Basket,3,31,09:49,,,,Foul Drawn (2),4,434
2025,405,0,469,PAM,,CCH,,Valencia Basket,,31,09:49,,,,Coach Challenge (3),4,435
2025,405,0,470,PAM,P010042,2FGA,"MONTERO, JEAN",Valencia Basket,8,31,09:36,,,,Missed Two Pointer (2/6 -  13 pt),4,436
2025,405,0,471,MAD,P014117,D,"LYLES, TREY",Real Madrid,0,31,09:34,,,,Def Rebound (4),4,437
2025,405,0,472,MAD,P007027,TO,"MALEDON, THEO",Real Madrid,12,31,09:14,,,,Turnover (1),4,438
2025,405,0,473,PAM,P007527,ST,"BADIO, BRANCOU",Valencia Basket,0,31,09:12,,,,Steal (1),4,439
2025,405,0,474,PAM,P011217,OF,"TAYLOR, KAMERON",Valencia Basket,1,31,09:08,,,,Offensive Foul (4),4,440
2025,405,0,475,PAM,P011217,TO,"TAYLOR, KAMERON",Valencia Basket,1,31,09:08,,,,Turnover (3),4,441
2025,405,0,476,MAD,P007027,RV,"MALEDON, THEO",Real Madrid,12,31,09:08,,,,Foul Drawn (3),4,442
2025,405,0,477,PAM,P011217,OUT,"TAYLOR, KAMERON",Valencia Basket,1,31,09:08,,,,Out,4,443
2025,405,0,478,PAM,P010393,IN,"PRADILLA, JAIME",Valencia Basket,4,31,09:08,,,,In,4,444
2025,405,0,479,MAD,P003108,IN,"HEZONJA, MARIO",Real Madrid,11,31,09:08,,,,In,4,445
2025,405,0,480,MAD,P007630,OUT,"GARUBA, USMAN",Real Madrid,16,31,09:08,,,,Out,4,446
2025,405,0,482,MAD,P011247,2FGA,"FELIZ, ANDRES",Real Madrid,24,32,08:46,,,,Missed Two Pointer (1/5 -  10 pt),4,447
2025,405,0,483,MAD,P011247,AG,"FELIZ, ANDRES",Real Madrid,24,32,08:46,,,,Shot Rejected (2),4,448
2025,405,0,484,PAM,P014168,FV,"KEY, BRAXTON",Valencia Basket,7,32,08:43,,,,Block (1),4,449
2025,405,0,485,PAM,P014168,D,"KEY, BRAXTON",Valencia Basket,7,32,08:42,,,,Def Rebound (4),4,450
2025,405,0,486,PAM,P014168,2FGA,"KEY, BRAXTON",Valencia Basket,7,32,08:32,,,,Missed Two Pointer (5/7 -  13 pt),4,451
2025,405,0,487,PAM,P014168,AG,"KEY, BRAXTON",Valencia Basket,7,32,08:32,,,,Shot Rejected (1),4,452
2025,405,0,488,MAD,P009005,FV,"DECK, GABRIEL",Real Madrid,14,32,08:30,,,,Block (1),4,453
2025,405,0,489,PAM,P014168,O,"KEY, BRAXTON",Valencia Basket,7,32,08:28,,,,Off Rebound (1),4,454
2025,405,0,490,PAM,P012738,3FGM,"REUVERS, NATHAN",Valencia Basket,3,32,08:25,76.0,86.0,,Three Pointer (1/1 -  11 pt),4,455
2025,405,0,491,PAM,P014168,AS,"KEY, BRAXTON",Valencia Basket,7,32,08:23,,,,Assist (3),4,456
2025,405,0,492,MAD,P003108,2FGA,"HEZONJA, MARIO",Real Madrid,11,32,08:04,,,,Missed Two Pointer (5/8 -  22 pt),4,457
2025,405,0,493,PAM,P010393,D,"PRADILLA, JAIME",Valencia Basket,4,32,08:02,,,,Def Rebound (6),4,458
2025,405,0,495,PAM,P010042,TO,"MONTERO, JEAN",Valencia Basket,8,33,07:55,,,,Turnover (2),4,459
2025,405,0,496,MAD,P011247,ST,"FELIZ, ANDRES",Real Madrid,24,33,07:53,,,,Steal (1),4,460
2025,405,0,497,MAD,P009005,RV,"DECK, GABRIEL",Real Madrid,14,33,07:52,,,,Foul Drawn (3),4,461
2025,405,0,498,PAM,P007527,CM,"BADIO, BRANCOU",Valencia Basket,0,33,07:52,,,,Foul (3),4,462
2025,405,0,499,MAD,P009005,FTM,"DECK, GABRIEL",Real Madrid,14,33,07:52,76.0,87.0,,Free Throw In (3/4 -  11 pt),4,463
2025,405,0,500,MAD,P007027,AS,"MALEDON, THEO",Real Madrid,12,33,07:52,,,,Assist (3),4,464
2025,405,0,501,MAD,P009005,FTM,"DECK, GABRIEL",Real Madrid,14,33,07:52,76.0,88.0,,Free Throw In (4/5 -  12 pt),4,465
2025,405,0,502,MAD,P014117,CM,"LYLES, TREY",Real Madrid,0,33,07:35,,,,Foul (2),4,466
2025,405,0,503,PAM,P010393,RV,"PRADILLA, JAIME",Valencia Basket,4,33,07:35,,,,Foul Drawn (2),4,467
2025,405,0,504,PAM,P007527,2FGA,"BADIO, BRANCOU",Valencia Basket,0,33,07:19,,,,Missed Two Pointer (2/5 -  4 pt),4,468
2025,405,0,505,MAD,P011247,D,"FELIZ, ANDRES",Real Madrid,24,33,07:18,,,,Def Rebound (4),4,469
2025,405,0,506,MAD,P007027,2FGA,"MALEDON, THEO",Real Madrid,12,33,07:10,,,,Missed Two Pointer (2/5 -  11 pt),4,470
2025,405,0,507,MAD,P009005,O,"DECK, GABRIEL",Real Madrid,14,33,07:08,,,,Off Rebound (3),4,471
2025,405,0,509,MAD,P011247,2FGA,"FELIZ, ANDRES",Real Madrid,24,34,06:56,,,,Missed Two Pointer (1/6 -  10 pt),4,472
2025,405,0,510,MAD,P011247,AG,"FELIZ, ANDRES",Real Madrid,24,34,06:56,,,,Shot Rejected (3),4,473
2025,405,0,511,PAM,P010042,FV,"MONTERO, JEAN",Valencia Basket,8,34,06:56,,,,Block (1),4,474
2025,405,0,512,MAD,,O,,Real Madrid,,34,06:56,,,,Off Rebound (3),4,475
2025,405,0,513,MAD,P005928,IN,"CAMPAZZO, FACUNDO",Real Madrid,7,34,06:56,,,,In,4,476
2025,405,0,514,MAD,P011247,OUT,"FELIZ, ANDRES",Real Madrid,24,34,06:56,,,,Out,4,477
2025,405,0,515,MAD,P009005,2FGA,"DECK, GABRIEL",Real Madrid,14,34,06:54,,,,Missed Two Pointer (4/6 -  12 pt),4,478
2025,405,0,516,MAD,,TO,,Real Madrid,,34,06:54,,,,Turnover (1),4,479
2025,405,0,517,PAM,P012738,2FGM,"REUVERS, NATHAN",Valencia Basket,3,34,06:37,78.0,88.0,,Two Pointer (4/4 -  13 pt),4,480
2025,405,0,518,PAM,P007527,AS,"BADIO, BRANCOU",Valencia Basket,0,34,06:32,,,,Assist (1),4,481
2025,405,0,519,MAD,P009005,2FGA,"DECK, GABRIEL",Real Madrid,14,34,06:13,,,,Missed Two Pointer (4/7 -  12 pt),4,482
2025,405,0,520,MAD,P009005,AG,"DECK, GABRIEL",Real Madrid,14,34,06:13,,,,Shot Rejected (2),4,483
2025,405,0,521,PAM,P014168,FV,"KEY, BRAXTON",Valencia Basket,7,34,06:12,,,,Block (2),4,484
2025,405,0,522,PAM,P010042,D,"MONTERO, JEAN",Valencia Basket,8,34,06:10,,,,Def Rebound (2),4,485
2025,405,0,523,PAM,P012738,2FGM,"REUVERS, NATHAN",Valencia Basket,3,34,06:08,80.0,88.0,,Two Pointer (5/5 -  15 pt),4,486
2025,405,0,524,PAM,P010042,AS,"MONTERO, JEAN",Valencia Basket,8,34,06:08,,,,Assist (8),4,487
2025,405,0,525,MAD,,TOUT,,Real Madrid,,34,06:08,,,,Time Out (1),4,488
2025,405,0,526,,,TOUT_TV,,,,34,06:08,,,,TV Time Out (4),4,489
2025,405,0,527,PAM,P011217,IN,"TAYLOR, KAMERON",Valencia Basket,1,34,06:08,,,,In,4,490
2025,405,0,528,PAM,P014168,OUT,"KEY, BRAXTON",Valencia Basket,7,34,06:08,,,,Out,4,491
2025,405,0,529,PAM,P010042,OUT,"MONTERO, JEAN",Valencia Basket,8,34,06:08,,,,Out,4,492
2025,405,0,530,PAM,P011078,IN,"THOMPSON, DARIUS",Valencia Basket,13,34,06:08,,,,In,4,493
2025,405,0,531,MAD,P007027,OUT,"MALEDON, THEO",Real Madrid,12,34,06:08,,,,Out,4,494
2025,405,0,532,MAD,P011247,IN,"FELIZ, ANDRES",Real Madrid,24,34,06:08,,,,In,4,495
2025,405,0,534,MAD,P009005,2FGA,"DECK, GABRIEL",Real Madrid,14,35,05:48,,,,Missed Two Pointer (4/8 -  12 pt),4,496
2025,405,0,535,MAD,P009005,O,"DECK, GABRIEL",Real Madrid,14,35,05:46,,,,Off Rebound (4),4,497
2025,405,0,536,MAD,P009005,3FGA,"DECK, GABRIEL",Real Madrid,14,35,05:35,,,,Missed Three Pointer (0/2 -  12 pt),4,498
2025,405,0,537,PAM,P007527,D,"BADIO, BRANCOU",Valencia Basket,0,35,05:33,,,,Def Rebound (2),4,499
2025,405,0,538,PAM,P011217,3FGA,"TAYLOR, KAMERON",Valencia Basket,1,35,05:26,,,,Missed Three Pointer (1/3 -  11 pt),4,500
2025,405,0,539,MAD,P014117,D,"LYLES, TREY",Real Madrid,0,35,05:24,,,,Def Rebound (5),4,501
2025,405,0,540,MAD,P005928,2FGA,"CAMPAZZO, FACUNDO",Real Madrid,7,35,05:10,,,,Missed Two Pointer (0/2 -  8 pt),4,502
2025,405,0,541,PAM,P010393,D,"PRADILLA, JAIME",Valencia Basket,4,35,05:06,,,,Def Rebound (7),4,503
2025,405,0,543,PAM,P011217,RV,"TAYLOR, KAMERON",Valencia Basket,1,36,04:59,,,,Foul Drawn (4),4,504
2025,405,0,544,MAD,P011247,CM,"FELIZ, ANDRES",Real Madrid,24,36,04:59,,,,Foul (1),4,505
2025,405,0,545,PAM,P007527,OUT,"BADIO, BRANCOU",Valencia Basket,0,36,04:59,,,,Out,4,506
2025,405,0,546,PAM,P012738,OUT,"REUVERS, NATHAN",Valencia Basket,3,36,04:59,,,,Out,4,507
2025,405,0,547,PAM,P010042,IN,"MONTERO, JEAN",Valencia Basket,8,36,04:59,,,,In,4,508
2025,405,0,548,PAM,P010545,IN,"SAKO, NEAL",Valencia Basket,12,36,04:59,,,,In,4,509
2025,405,0,549,PAM,P011217,TO,"TAYLOR, KAMERON",Valencia Basket,1,36,04:57,,,,Turnover (4),4,510
2025,405,0,550,MAD,P011247,3FGM,"FELIZ, ANDRES",Real Madrid,24,36,04:37,80.0,91.0,,Three Pointer (3/3 -  13 pt),4,511
2025,405,0,551,MAD,P005928,AS,"CAMPAZZO, FACUNDO",Real Madrid,7,36,04:35,,,,Assist (6),4,512
2025,405,0,552,MAD,P005928,CM,"CAMPAZZO, FACUNDO",Real Madrid,7,36,04:30,,,,Foul (2),4,513
2025,405,0,553,PAM,P011078,RV,"THOMPSON, DARIUS",Valencia Basket,13,36,04:30,,,,Foul Drawn (2),4,514
2025,405,0,554,MAD,P014117,OUT,"LYLES, TREY",Real Madrid,0,36,04:30,,,,Out,4,515
2025,405,0,555,MAD,P014006,IN,"OKEKE, CHUMA",Real Madrid,8,36,04:30,,,,In,4,516
2025,405,0,556,PAM,P010042,2FGA,"MONTERO, JEAN",Valencia Basket,8,36,04:10,,,,Missed Two Pointer (2/7 -  13 pt),4,517
2025,405,0,557,PAM,P011217,O,"TAYLOR, KAMERON",Valencia Basket,1,36,04:07,,,,Off Rebound (3),4,518
2025,405,0,558,PAM,P011217,TO,"TAYLOR, KAMERON",Valencia Basket,1,36,04:04,,,,Turnover (5),4,519
2025,405,0,560,PAM,P010545,CM,"SAKO, NEAL",Valencia Basket,12,37,03:47,,,,Foul (2),4,520
2025,405,0,561,MAD,P005928,RV,"CAMPAZZO, FACUNDO",Real Madrid,7,37,03:47,,,,Foul Drawn (4),4,521
2025,405,0,562,PAM,P007527,IN,"BADIO, BRANCOU",Valencia Basket,0,37,03:47,,,,In,4,522
2025,405,0,563,PAM,P011078,OUT,"THOMPSON, DARIUS",Valencia Basket,13,37,03:47,,,,Out,4,523
2025,405,0,564,MAD,P011247,3FGA,"FELIZ, ANDRES",Real Madrid,24,37,03:32,,,,Missed Three Pointer (3/4 -  13 pt),4,524
2025,405,0,565,MAD,P009005,O,"DECK, GABRIEL",Real Madrid,14,37,03:31,,,,Off Rebound (5),4,525
2025,405,0,566,MAD,P005928,3FGA,"CAMPAZZO, FACUNDO",Real Madrid,7,37,03:21,,,,Missed Three Pointer (2/6 -  8 pt),4,526
2025,405,0,567,PAM,P011217,D,"TAYLOR, KAMERON",Valencia Basket,1,37,03:19,,,,Def Rebound (3),4,527
2025,405,0,568,PAM,P010393,RV,"PRADILLA, JAIME",Valencia Basket,4,37,03:05,,,,Foul Drawn (3),4,528
2025,405,0,569,MAD,P003108,CM,"HEZONJA, MARIO",Real Madrid,11,37,03:05,,,,Foul (2),4,529
2025,405,0,570,PAM,P010393,FTM,"PRADILLA, JAIME",Valencia Basket,4,37,03:05,81.0,91.0,,Free Throw In (1/1 -  10 pt),4,530
2025,405,0,571,PAM,P010393,FTA,"PRADILLA, JAIME",Valencia Basket,4,37,03:05,,,,Missed Free Throw (1/2 -  10 pt),4,531
2025,405,0,572,MAD,P014006,D,"OKEKE, CHUMA",Real Madrid,8,37,03:05,,,,Def Rebound (2),4,532
2025,405,0,574,MAD,P005928,TO,"CAMPAZZO, FACUNDO",Real Madrid,7,38,02:54,,,,Turnover (4),4,533
2025,405,0,575,PAM,P010393,ST,"PRADILLA, JAIME",Valencia Basket,4,38,02:52,,,,Steal (1),4,534
2025,405,0,576,PAM,P010545,TO,"SAKO, NEAL",Valencia Basket,12,38,02:47,,,,Turnover (1),4,535
2025,405,0,577,MAD,P009005,ST,"DECK, GABRIEL",Real Madrid,14,38,02:46,,,,Steal (1),4,536
2025,405,0,578,MAD,P009005,2FGM,"DECK, GABRIEL",Real Madrid,14,38,02:29,81.0,93.0,,Two Pointer (5/9 -  14 pt),4,537
2025,405,0,579,MAD,P005928,AS,"CAMPAZZO, FACUNDO",Real Madrid,7,38,02:28,,,,Assist (7),4,538
2025,405,0,580,MAD,P011247,CM,"FELIZ, ANDRES",Real Madrid,24,38,02:20,,,,Foul (2),4,539
2025,405,0,581,PAM,P010545,RV,"SAKO, NEAL",Valencia Basket,12,38,02:20,,,,Foul Drawn (2),4,540
2025,405,0,582,MAD,P014117,IN,"LYLES, TREY",Real Madrid,0,38,02:20,,,,In,4,541
2025,405,0,583,MAD,P014006,OUT,"OKEKE, CHUMA",Real Madrid,8,38,02:20,,,,Out,4,542
2025,405,0,584,PAM,P010545,FTA,"SAKO, NEAL",Valencia Basket,12,38,02:20,,,,Missed Free Throw (0/1 -  6 pt),4,543
2025,405,0,585,PAM,P010545,FTA,"SAKO, NEAL",Valencia Basket,12,38,02:20,,,,Missed Free Throw (0/2 -  6 pt),4,544
2025,405,0,586,MAD,P009005,D,"DECK, GABRIEL",Real Madrid,14,38,02:20,,,,Def Rebound (2),4,545
2025,405,0,587,MAD,P005928,TO,"CAMPAZZO, FACUNDO",Real Madrid,7,38,02:15,,,,Turnover (5),4,546
2025,405,0,588,PAM,P014168,IN,"KEY, BRAXTON",Valencia Basket,7,38,02:15,,,,In,4,547
2025,405,0,589,PAM,P010545,OUT,"SAKO, NEAL",Valencia Basket,12,38,02:15,,,,Out,4,548
2025,405,0,590,PAM,P011217,3FGA,"TAYLOR, KAMERON",Valencia Basket,1,38,02:11,,,,Missed Three Pointer (1/4 -  11 pt),4,549
2025,405,0,591,MAD,P014117,D,"LYLES, TREY",Real Madrid,0,38,02:09,,,,Def Rebound (6),4,550
2025,405,0,593,MAD,P005928,TO,"CAMPAZZO, FACUNDO",Real Madrid,7,39,01:56,,,,Turnover (6),4,551
2025,405,0,594,PAM,P010042,ST,"MONTERO, JEAN",Valencia Basket,8,39,01:55,,,,Steal (3),4,552
2025,405,0,595,PAM,P010042,2FGM,"MONTERO, JEAN",Valencia Basket,8,39,01:54,83.0,93.0,,Two Pointer (3/8 -  15 pt),4,553
2025,405,0,596,MAD,,TOUT,,Real Madrid,,39,01:54,,,,Time Out (2),4,554
2025,405,0,597,MAD,P011247,2FGM,"FELIZ, ANDRES",Real Madrid,24,39,01:45,83.0,95.0,,Two Pointer (2/7 -  15 pt),4,555
2025,405,0,598,MAD,P005928,AS,"CAMPAZZO, FACUNDO",Real Madrid,7,39,01:45,,,,Assist (8),4,556
2025,405,0,599,PAM,P010393,3FGM,"PRADILLA, JAIME",Valencia Basket,4,39,01:35,86.0,95.0,,Three Pointer (2/5 -  13 pt),4,557
2025,405,0,600,PAM,P010042,AS,"MONTERO, JEAN",Valencia Basket,8,39,01:36,,,,Assist (9),4,558
2025,405,0,601,MAD,P014117,2FGM,"LYLES, TREY",Real Madrid,0,39,01:36,86.0,97.0,,Two Pointer (3/5 -  15 pt),4,559
2025,405,0,602,MAD,P003108,AS,"HEZONJA, MARIO",Real Madrid,11,39,01:36,,,,Assist (2),4,560
2025,405,0,603,PAM,P010393,2FGA,"PRADILLA, JAIME",Valencia Basket,4,39,01:15,,,,Missed Two Pointer (3/5 -  13 pt),4,561
2025,405,0,604,MAD,P011247,D,"FELIZ, ANDRES",Real Madrid,24,39,01:13,,,,Def Rebound (5),4,562
2025,405,0,606,MAD,P014117,RV,"LYLES, TREY",Real Madrid,0,40,00:53,,,,Foul Drawn (1),4,563
2025,405,0,607,PAM,P014168,CM,"KEY, BRAXTON",Valencia Basket,7,40,00:53,,,,Foul (2),4,564
2025,405,0,608,MAD,P007027,IN,"MALEDON, THEO",Real Madrid,12,40,00:53,,,,In,4,565
2025,405,0,609,MAD,P011247,OUT,"FELIZ, ANDRES",Real Madrid,24,40,00:53,,,,Out,4,566
2025,405,0,610,MAD,P014117,FTM,"LYLES, TREY",Real Madrid,0,40,00:53,86.0,98.0,,Free Throw In (1/1 -  16 pt),4,567
2025,405,0,611,MAD,P003108,AS,"HEZONJA, MARIO",Real Madrid,11,40,00:53,,,,Assist (3),4,568
2025,405,0,612,MAD,P014117,FTM,"LYLES, TREY",Real Madrid,0,40,00:53,86.0,99.0,,Free Throw In (2/2 -  17 pt),4,569
2025,405,0,613,PAM,P007527,2FGM,"BADIO, BRANCOU",Valencia Basket,0,40,00:44,88.0,99.0,,Two Pointer (3/6 -  6 pt),4,570
2025,405,0,614,PAM,P011217,AS,"TAYLOR, KAMERON",Valencia Basket,1,40,00:46,,,,Assist (3),4,571
2025,405,0,615,MAD,P007027,RV,"MALEDON, THEO",Real Madrid,12,40,00:43,,,,Foul Drawn (4),4,572
2025,405,0,616,PAM,P007527,CM,"BADIO, BRANCOU",Valencia Basket,0,40,00:43,,,,Foul (4),4,573
2025,405,0,617,MAD,P007027,FTA,"MALEDON, THEO",Real Madrid,12,40,00:43,,,,Missed Free Throw (4/5 -  11 pt),4,574
2025,405,0,618,MAD,P007027,FTM,"MALEDON, THEO",Real Madrid,12,40,00:43,88.0,100.0,,Free Throw In (5/6 -  12 pt),4,575
2025,405,0,619,PAM,P010393,2FGM,"PRADILLA, JAIME",Valencia Basket,4,40,00:34,90.0,100.0,,Two Pointer (4/6 -  15 pt),4,576
2025,405,0,620,PAM,P011217,AS,"TAYLOR, KAMERON",Valencia Basket,1,40,00:35,,,,Assist (4),4,577
2025,405,0,621,MAD,P009005,2FGM,"DECK, GABRIEL",Real Madrid,14,40,00:25,90.0,102.0,,Two Pointer (6/10 -  16 pt),4,578
2025,405,0,622,PAM,P010042,3FGA,"MONTERO, JEAN",Valencia Basket,8,40,00:22,,,,Missed Three Pointer (2/8 -  15 pt),4,579
2025,405,0,623,MAD,P003108,D,"HEZONJA, MARIO",Real Madrid,11,40,00:19,,,,Def Rebound (5),4,580
2025,405,0,624,PAM,P007527,CM,"BADIO, BRANCOU",Valencia Basket,0,40,00:19,,,,Foul (5),4,581
2025,405,0,625,MAD,P003108,RV,"HEZONJA, MARIO",Real Madrid,11,40,00:19,,,,Foul Drawn (7),4,582
2025,405,0,626,PAM,CO_A,B,,Valencia Basket,,40,00:19,,,,Tech Foul Bench (1),4,583
2025,405,0,627,PAM,P007527,OUT,"BADIO, BRANCOU",Valencia Basket,0,40,00:19,,,,Out,4,584
2025,405,0,628,PAM,P010750,IN,"DE LARREA, SERGIO",Valencia Basket,5,40,00:19,,,,In,4,585
2025,405,0,629,MAD,P014117,OUT,"LYLES, TREY",Real Madrid,0,40,00:19,,,,Out,4,586
2025,405,0,630,MAD,P010105,IN,"ALMANSA, IZAN",Real Madrid,13,40,00:19,,,,In,4,587
2025,405,0,631,MAD,P003108,FTM,"HEZONJA, MARIO",Real Madrid,11,40,00:19,90.0,103.0,,Free Throw In (4/6 -  23 pt),4,588
2025,405,0,632,MAD,P003108,FTM,"HEZONJA, MARIO",Real Madrid,11,40,00:19,90.0,104.0,,Free Throw In (5/7 -  24 pt),4,589
2025,405,0,633,MAD,P003108,FTM,"HEZONJA, MARIO",Real Madrid,11,40,00:19,90.0,105.0,,Free Throw In (6/8 -  25 pt),4,590
2025,405,0,634,MAD,P008384,IN,"PROCIDA, GABRIELE",Real Madrid,9,40,00:19,,,,In,4,591
2025,405,0,635,MAD,P003108,OUT,"HEZONJA, MARIO",Real Madrid,11,40,00:19,,,,Out,4,592
2025,405,0,636,PAM,P014168,3FGA,"KEY, BRAXTON",Valencia Basket,7,40,00:13,,,,Missed Three Pointer (1/2 -  13 pt),4,593
2025,405,0,637,MAD,P009005,D,"DECK, GABRIEL",Real Madrid,14,40,00:11,,,,Def Rebound (3),4,594
2025,405,0,640,,,EG,,,,41,,,,,End Game,4,595
